city_name,region,patients_before_mobility,patients_after_mobility,API_before_mobility,API_after_mobility,change_in_API
Aba,West,625.08025238,257.98091856,0.2598832999976814,0.10725811957189749,-0.1526251804257839
Aletai,West,434.7543125,390.19448769999997,0.0737479802672432,0.06618923505051297,-0.007558745216730237
Ankang,East,2196.602443,1838.9917932,0.19833489793331485,0.16604563596241326,-0.032289261970901595
Anqing,East,5682.0191158,3276.9000290829404,0.32093438760695286,0.18508735761880127,-0.1358470299881516
Anshan,East,5323.8660052,4481.400099543196,0.22385093855477078,0.1884280365701094,-0.03542290198466139
Anshun,East,963.5723149600001,770.6941243599999,0.09994290704195014,0.07993734360444564,-0.020005563437504495
Anyang,East,8010.670547,8437.510458603585,0.38829575472733735,0.4089856738360359,0.02068991910869855
Baicheng,East,2204.0352348,1568.9321673999998,0.22907762303416035,0.1630678339143879,-0.06600978911977246
Baise,East,1925.9244114,1488.6930549687,0.14091713776816073,0.10892554405550765,-0.031991593712653074
Baishan,East,1524.3469176,875.18866738,0.11989118731663645,0.06883433636186663,-0.05105685095476982
Baiyin,West,2061.9057978,1466.6031183999999,0.2356515110204158,0.16761543679006466,-0.06803607423035113
Baoding,East,17206.52252,13959.966988579394,0.4115836190352793,0.33392533140232317,-0.07765828763295612
Baoji,East,4535.1808252,3958.647789784228,0.17098073592419022,0.14924487874904688,-0.02173585717514334
Baoshan,East,1613.618686,1300.8518312,0.185137805882128,0.14925264307835134,-0.035885162803776655
Baotou,West,7452.0757956,5941.121387588986,0.48039413313407264,0.38299125466762857,-0.09740287846644408
Bazhong,East,2855.8550774,2110.6656408,0.9846249176892024,0.727702886357299,-0.2569220313319034
Beihai,East,1496.0274072,1147.7461766000001,0.17810632672232696,0.13664245356735816,-0.0414638731549688
Beijing,East,33186.869514,45268.25209612438,0.1923962650197456,0.2624364019508526,0.070040136931107
Bengbu,East,4188.852239,3433.060424073582,0.3279526089035857,0.26878033846984345,-0.059172270433742236
Benxi,East,2690.2668,2382.9205968755937,0.16693977310574584,0.1478679452058138,-0.01907182789993203
Bijie,East,2412.2662798,1555.2537865,0.2517112063549691,0.16228507195337716,-0.08942613440159192
Binzhou,East,10077.8069868,8442.971625137612,0.5226977021996944,0.43790498011888845,-0.0847927220808059
Bozhou,East,5720.5147308,4588.5156036,0.847686579242581,0.6799428510995088,-0.16774372814307215
Cangzhou,East,11442.6186928,10890.969756488967,0.4704376971880406,0.44775788391962423,-0.022679813268416393
Changchun,East,9894.0899802,11140.46734182502,0.1879023628630427,0.2115727814398922,0.023670418576849483
Changde,East,7333.743395200001,5641.60890900512,0.5539700407915503,0.4261510321587015,-0.12781900863284884
Changji,West,2991.8157538,2071.5213762,0.2772567790618705,0.1919714955018649,-0.08528528356000561
Changsha,East,9611.312115199999,11949.47813701702,0.2621658191568812,0.32594350144284345,0.06377768228596226
Changzhi,East,4335.1490834,3576.5719616706665,0.22130760956932122,0.18258255392435374,-0.03872505564496748
Changzhou,East,8083.508436599999,7982.565370035756,0.4822570180846813,0.47623481836046466,-0.006022199724216637
Chaoyang,East,3003.885946,2613.9596331500197,0.1769787942303988,0.15400565546033754,-0.02297313877006127
Chaozhou,East,1683.9244846000001,1159.00708188,0.34667781187955005,0.2386104856682484,-0.10806732621130163
Chengde,East,3727.4244162000005,3986.883785865198,0.2125799424393933,0.22737725331954758,0.01479731088015429
Chengdu,East,25670.544398000002,28624.2461536662,0.334327407836404,0.37279575646911367,0.03846834863270965
Chengmai,East,285.90460356,121.53090405200001,0.09356111794934002,0.039770493748320736,-0.05379062420101929
Chifeng,East,6912.0194166,6221.439324000001,0.3259136422988678,0.29335159932517113,-0.03256204297369669
Chizhou,East,1436.08609776,1170.3215914799998,0.22227262708044165,0.18113848123240878,-0.04113414584803288
Chongqing,East,17825.0033564,22114.834975015598,0.15196003412563017,0.1885313012454188,0.03657126711978864
Chongzuo,East,1419.54581236,827.66960406,0.1519539003273412,0.08859708747984264,-0.06335681284749857
Chuxiong,East,1547.7534458,829.0754766599999,0.13903671716864657,0.07447693485848174,-0.06455978231016483
Chuzhou,East,5142.8104866,3551.321426,0.4768744122079812,0.32930132696858994,-0.14757308523939128
Dali,East,1952.461425,1565.9432266,0.11784516649431695,0.09451599806092195,-0.023329168433394998
Dalian,East,9949.8510964,7978.432519275761,0.21334804399650614,0.17107622572979758,-0.04227181826670856
Dandong,East,2844.8018832000002,2498.253520135776,0.12047131910568529,0.10579573179016327,-0.014675587315522015
Danzhou,East,601.2747984800001,451.31141719999994,0.06652185108367074,0.049930698847238324,-0.01659115223643242
Daqing,East,3239.1901174,2077.385489338426,0.16594707035181724,0.10642661389193088,-0.059520456459886364
Datong,East,3833.072739,2903.0619849662444,0.22136560398971752,0.16765611129239802,-0.053709492697319505
Daxinganling,West,512.71179598,413.70118136,0.0601964519019959,0.04857181648792719,-0.011624635414068711
Dazhou,East,3849.101042,3159.3859858,0.23474302780063466,0.19267975150691954,-0.04206327629371512
Dehong,West,759.72439974,584.76856646,0.11773132440491434,0.09061914797426533,-0.027112176430649004
Deyang,East,4108.4106626,3554.6975233999997,0.23251570493910764,0.2011782824007149,-0.03133742253839275
Dezhou,East,8637.5989496,7032.797538962036,0.617871698401432,0.503075748858786,-0.11479594954264594
Dingan,East,163.32243024,37.902638982,0.08908356326933486,0.02067384212239576,-0.0684097211469391
Dingxi,West,480.41719816000005,347.48104312,0.05286236289949964,0.038234828129505356,-0.014627534769994281
Diqing,West,197.88950248,151.58443975999998,0.09405434607682223,0.07204614281391289,-0.022008203262909337
Dongfang,East,279.73735352,150.1801542,0.21755758204339726,0.11679824237816915,-0.10075933966522811
Dongguan,East,6357.9122628,5032.82225263089,0.3423338672574178,0.27098604600805876,-0.07134782124935907
Dongying,East,3887.8893651999997,3571.2371043278545,0.3722512572418344,0.34193295567872856,-0.03031830156310583
Enshi,East,1935.4967620799998,1882.937185934628,0.19758824894886898,0.19222262146784014,-0.00536562748102884
Ezhou,East,1020.8232526600001,972.6528474231181,0.21944422065492147,0.20908913028222983,-0.010355090372691639
Fangchenggang,East,819.24503972,578.25816912,0.19063799080421134,0.13456044306943327,-0.05607754773477808
Foshan,East,6283.165610800001,6709.1930548224755,0.234710092893509,0.2506245136100063,0.01591442071649732
Fushun,East,3573.4477920000004,2764.7618276065423,0.1553936906050217,0.12022745791822816,-0.035166232686793544
Fuxin,East,1981.2781178,1773.1758614103499,0.14244064768836398,0.12747948705208426,-0.014961160636279724
Fuyang,East,7683.3067964,6343.7228516,0.5528158534328776,0.4564324522082157,-0.09638340122466194
Fuzhou,East,8203.5466636,8393.877346574141,0.14898589057597864,0.1524425157979278,0.003456625221949172
Gannan,West,65.219049782,28.786167174000003,0.01567759696191815,0.006919725579272784,-0.008757871382645367
Ganzhou,East,4777.691454,4339.908155259958,0.1831674442930376,0.16638367984184985,-0.01678376445118776
Ganzi,West,648.4974536,398.94365216,0.079305428138143,0.048787234185591874,-0.03051819395255112
Guangan,East,2186.79915562,1517.56497424,0.6537414294330757,0.453674537493567,-0.20006689193950866
Guangyuan,East,1826.15083348,1645.6802536999999,0.11728166693641333,0.10569122761369612,-0.011590439322717208
Guangzhou,East,10738.2333574,18304.0632491386,0.15344614239047039,0.2615595882646708,0.10811344587420041
Guigang,East,2776.1186232,2387.3023818,0.7060665722362283,0.6071766514306741,-0.09888992080555414
Guilin,East,4354.1476416000005,4264.45668106533,0.16825354849998356,0.1647876985517294,-0.0034658499482541627
Guiyang,East,2868.49876,3175.6151070719197,0.10255758172605599,0.11353792806730251,0.010980346341246519
Guyuan,West,887.9905014600001,585.1745022,0.38495497431195486,0.2536804561445629,-0.13127451816739194
Haibei,West,171.80924801999998,43.533919780000005,0.0509867817749837,0.012919295632876065,-0.03806748614210763
Haidong,West,1130.01505748,663.70920856,0.18042759774508282,0.10597332956679688,-0.07445426817828595
Haikou,East,1358.5473132,1271.5274107999999,0.08539733375903756,0.0799273235674693,-0.005470010191568259
Hainan,West,356.84335498,91.86595209800001,0.1252307112425033,0.03223946406637464,-0.09299124717612865
Haixi,West,597.5517092,400.28888438,0.18036064973144042,0.12082027740110801,-0.05954037233033241
Hami,West,1064.7323062,907.7763689,0.2703613338491894,0.23050641790752288,-0.03985491594166654
Handan,East,13460.865849999998,11373.572948007095,0.42160713576144787,0.35623113456577227,-0.0653760011956756
Hangzhou,East,14637.216665999998,21257.28184718274,0.2620290379083475,0.3805385434993378,0.11850950559099033
Hanzhong,East,3186.6377251999997,2256.4581506,0.14880680267112054,0.10537009591540619,-0.043436706755714344
Harbin,East,13269.622469999998,15830.17309970042,0.15727790824030444,0.18762677821706095,0.03034886997675651
Hebi,East,2436.1531888,1960.0596786,0.31481334105134967,0.25328987475703385,-0.06152346629431582
Hechi,East,1951.02130032,834.5266327448055,0.15109642881174648,0.06462973722293576,-0.08646669158881072
Hefei,East,9571.1963494,9973.437225706588,0.296235401281594,0.3086850453025331,0.012449644020939121
Hegang,East,1340.6212614,998.02163356,0.10223461008352508,0.07610826077409646,-0.026126349309428615
Heihe,East,1786.1283304,1356.0698398,0.1190276869631416,0.09036856626966133,-0.02865912069348027
Hengshui,East,6988.1322136,4045.288842055844,0.5818435031017327,0.33681747267737816,-0.24502603042435456
Hengyang,East,7280.2120429999995,6007.713068655076,0.29944684222467455,0.24710691072939567,-0.05233993149527888
Hetian,West,2531.3872082000003,1852.3664486000002,0.299751693649952,0.2193461270680197,-0.08040556658193232
Heyuan,East,1622.9906431,1170.5950512,0.21512274039460003,0.15515900623155057,-0.059963734163049454
Heze,East,13078.686253,8262.52720807199,0.5961008051318013,0.3765897450155101,-0.21951106011629118
Hezhou,East,1428.39635376,1173.53943344,0.2887513607620429,0.23723184914447948,-0.05151951161756341
Hohhot,West,7011.322278199999,6158.86440385854,0.39610525195983526,0.34794557141697235,-0.048159680542862904
Honghe,East,2677.4533948,2141.5841351999998,0.1440211368753305,0.11519654551772872,-0.028824591357601778
Huaian,East,5691.526541599999,4856.3567096,0.42059400052210505,0.3588763895808573,-0.061717610941247725
Huaibei,East,3752.6149248,2620.8505162,0.37123573927491027,0.2592734395635843,-0.11196229971132599
Huaihua,East,3771.0009334,3012.5474285864043,0.19447550740389333,0.15536105667956107,-0.039114450724332256
Huainan,East,3804.0987615999998,2799.8696707999998,0.19658351535893548,0.14468820525606654,-0.051895310102868936
Huanggang,East,5757.0976922,3417.577808007256,0.24091638511112348,0.14301485494272942,-0.09790153016839406
Huangnan,West,197.84897782000002,51.458443020000004,0.11205151569446202,0.029143423429328637,-0.08290809226513338
Huangshan,East,1228.9093997,933.4445630399999,0.16463858346597285,0.12505477673165818,-0.039583806734314664
Huangshi,East,2313.2141158,1628.2113820672719,0.17383255384861768,0.12235622323801024,-0.05147633061060744
Huizhou,East,2416.2037348,2591.683834248058,0.1987928545689474,0.21323045740305185,0.014437602834104446
Huludao,East,3186.040591,2532.7853987999997,0.19565555750781297,0.15553899113831549,-0.04011656636949748
Huzhou,East,4174.2745254,3603.0277760000004,0.2678738769467088,0.23121551139747135,-0.03665836554923743
Jiamusi,East,2952.9377758,2654.327059893416,0.14414587531983178,0.1295693734453299,-0.01457650187450188
Jian,East,3788.8860636,2603.526026,0.20201404068369294,0.1388135730948026,-0.06320046758889034
Jiangmen,East,3076.8693599999997,3247.7345290556777,0.1908812000682043,0.20148124339250212,0.010600043324297814
Jiaozuo,East,6318.219282,6110.526205042655,0.3624794282565526,0.35056397163369996,-0.01191545662285265
Jiaxing,East,6872.1256928,5616.6161026,0.3546375951513856,0.2898467397942835,-0.0647908553571021
Jiayuguan,West,595.6244659800001,516.97472336,0.530750158282169,0.4606667991714327,-0.07008335911073627
Jieyang,East,2677.1106508000003,2055.123503,0.3283688183816305,0.25207716987968554,-0.07629164850194498
Jilin,East,7548.1870302,7503.640003459525,0.2514994297333316,0.2500151591691922,-0.0014842705641394116
Jinan,East,13066.070953999999,18415.733877992323,0.30415967653485,0.42869227323208864,0.12453259669723865
Jinchang,West,763.45425844,578.4381441200001,0.21679968166754668,0.16426027377963487,-0.05253940788791181
Jincheng,East,2816.2101783999997,2384.710897858092,0.24373718620022475,0.20639181287071756,-0.03734537332950719
Jingdezhen,East,995.78536914,650.14649434,0.13392716810907665,0.08744080957746862,-0.04648635853160803
Jingmen,East,3664.5374994,3104.099048,0.289051702943638,0.24484539074222406,-0.044206312201413966
Jingzhou,East,6091.1838984000005,4836.349000935698,0.3233798909511645,0.25676092506994846,-0.06661896588121602
Jinhua,East,5526.9717694,4180.556689679727,0.2371218327697663,0.17935703412546622,-0.05776479864430009
Jining,East,13813.8269994,12009.017745066656,0.4830911478616922,0.4199741438348451,-0.06311700402684711
Jinzhong,East,4577.6647722,3483.7847818,0.2812177937398384,0.2140179150190111,-0.0671998787208273
Jinzhou,East,3876.1223964000005,3193.7162917013657,0.17757549474184944,0.14631265284365125,-0.031262841898198196
Jiujiang,East,3946.9800816,3232.9115284,0.18623940282331372,0.15254587050911822,-0.0336935323141955
Jiuquan,West,1948.93480426,1628.4831674000002,0.2142075523566194,0.1789866918997114,-0.035220860456908004
Jixi,East,2659.8826046000004,1526.1047183105238,0.1692176219966707,0.0970884244679818,-0.0721291975286889
Jiyuan,East,1037.7052830799998,825.5921714399999,0.24635239199134862,0.19599650262924975,-0.050355889362098866
Kaifeng,East,7197.415727199999,7292.529967356454,0.32317320072535793,0.3274439521437813,0.004270751418423369
Kashi,West,3679.6262491999996,3133.1154706,0.30634692130653274,0.26084722021016576,-0.04549970109636697
Kelamayi,West,920.3983943,993.2165654594826,0.3535968835486485,0.3815720283850188,0.027975144836370314
Kunming,East,5189.154649599999,7381.83441782262,0.12356652094987645,0.17577961321864052,0.05221309226876407
Laibin,East,1769.4357068000002,1179.01142368,0.2684906039889657,0.17890081455754958,-0.0895897894314161
Langfang,East,6844.346363,4570.70057979464,0.6196100954763272,0.41377979319546326,-0.2058303022808639
Lanzhou,West,5999.3595474,6436.69943209338,0.16418657945079546,0.176155413650161,0.011968834199365536
Lasa,West,256.90460902,176.21106486000002,0.08942535420707737,0.061336917817169434,-0.028088436389907934
Leshan,East,3715.2975466000003,3220.9795058,0.1831701690819553,0.15879949136962584,-0.024370677712329453
Liangshan,East,2249.304445,1512.3797556,0.1388652120694142,0.09336972411970794,-0.04549548794970627
Lianyungang,East,4326.3976244,3735.5745804,0.3420290683165458,0.2953207736051251,-0.046708294711420684
Liaocheng,East,9410.8791826,7976.644849730112,0.5906927214374376,0.5006701247359184,-0.09002259670151913
Liaoyang,East,3119.2284293999996,3223.624401036072,0.2505857461226938,0.25897248118770494,0.008386735065011142
Liaoyuan,East,1492.68388302,820.5453411994893,0.19447086112341028,0.10690284855961639,-0.08756801256379389
Lijiang,East,726.9675743,458.31661533999994,0.13460944458557028,0.08486450732642511,-0.04974493725914517
Lincang,East,1484.1518448,1151.1644039999999,0.21609037491124586,0.1676078822503249,-0.048482492660920945
Linfen,East,5155.8470604,4449.295893,0.24739809921986142,0.21349495706521948,-0.033903142154641935
Lingao,East,224.23191336,89.74871091399999,0.16368861307824575,0.06551628532682238,-0.09817232775142337
Linxia,West,384.01722531999997,212.60226136,0.05259372255162415,0.02911729894016652,-0.02347642361145763
Linyi,East,14868.4592412,12706.663232131672,0.6049554224079782,0.516998076148322,-0.08795734625965612
Lishui,East,1343.7308675600002,1040.15406874,0.10405202278653419,0.08054450297667813,-0.02350751980985606
Liuan,East,6035.2645954,4519.393615999999,0.991642125969703,0.7425724295302606,-0.24906969643944243
Liupanshui,East,1202.13561152,901.98079906,0.13657819389719092,0.10247671501037661,-0.03410147888681431
Liuzhou,East,4017.4861252,4108.20533210772,0.18841011933257532,0.19266462477866175,0.004254505446086437
Longnan,West,377.07182874,221.63738234000002,0.04077132396046214,0.02396479616981357,-0.01680652779064857
Longyan,East,1167.68016416,1042.03666388,0.12527040781271537,0.11179119235441806,-0.013479215458297306
Loudi,East,3348.2766170000004,1715.5402207621278,0.24611769541201017,0.12610212769663348,-0.12001556771537669
Luohe,East,4878.2721384,3999.6231724033096,0.5728728808919732,0.46969000175715514,-0.10318287913481805
Luoyang,East,9941.2408946,9512.174046565686,0.2544894441842958,0.24350560576494182,-0.010983838419353992
Luzhou,East,4089.3198336,3711.36581481404,0.4800466420730102,0.43567849163258004,-0.04436815044043013
Lvliang,East,3845.2585231999997,2807.2254872,0.3083840633787119,0.2251353445652302,-0.08324871881348167
Maanshan,East,2282.1136539999998,1791.9654792000001,0.2559823310198131,0.20100291660261566,-0.05497941441719745
Maoming,East,3081.7644867999998,2432.1439239752917,0.22217746403843594,0.17534356422103506,-0.04683389981740088
Meishan,East,3528.7995806,2742.3237111999997,0.37343229794472943,0.29020413933726774,-0.08322815860746169
Meizhou,East,2706.532255,2301.224792061,0.2009145884112139,0.17082731272996304,-0.030087275681250858
Mianyang,East,4318.3532832,4098.5634020725465,0.2013666251551883,0.19111773079583222,-0.010248894359356081
Mudanjiang,East,3489.142886,2983.954752157782,0.1200712165357416,0.10268627249884205,-0.017384944036899552
Nanchang,East,4983.8165214,5557.685965282124,0.1922333812844505,0.2143683983220157,0.022135017037565208
Nanchong,East,5935.4416938,4456.852723785572,0.25229445088053454,0.18944490883929566,-0.06284954204123888
Nanjing,East,13579.584564,20425.84868295391,0.28248386843029166,0.4249005354132127,0.14241666698292105
Nanning,East,6564.635339400001,7433.9275775775195,0.21619077102132778,0.24481885917825966,0.02862808815693188
Nanping,East,1393.3136417,1097.81904488,0.0806358269179207,0.06353454372421989,-0.017101283193700814
Nantong,East,9045.6045518,7798.027975580078,0.29295448431989923,0.25254998173047705,-0.04040450258942219
Nanyang,East,13300.106917000001,11228.830168431961,0.4062479504070726,0.3429813963047097,-0.06326655410236293
Neijiang,East,3612.1854906,3065.6739736,0.33194405300331553,0.2817220341069833,-0.05022201889633221
Ningbo,East,10704.2017416,9936.138920399999,0.3453404902211086,0.3205611374401352,-0.024779352780973374
Ningde,East,1730.0855695999999,1153.45185258,0.15379347511382138,0.10253444794974341,-0.05125902716407797
Nujiang,West,295.42313709999996,220.46325708,0.12935297037233112,0.09653129217026672,-0.0328216782020644
Panjin,East,2008.5429214,1772.915728255596,0.22088105667758975,0.19496894753160568,-0.025912109145984075
Panzhihua,East,1518.1976712,1409.055449788588,0.17157529976207272,0.1592408655111229,-0.012334434250949822
Pingdingshan,East,7286.5079446,5408.651418416697,0.31545903099966255,0.2341598950335524,-0.08129913596611016
Pingliang,West,1695.4683241999999,1208.3735818,0.17172928273184115,0.12239280764654452,-0.049336475085296636
Pingxiang,East,1814.0422614,1529.40449464,0.35682143231060764,0.3008332903658811,-0.055988141944726566
Puer,East,1825.2825791999999,1366.80688,0.19077902591403192,0.14285902257023916,-0.04792000334379276
Putian,East,1671.0661776000002,1340.98873374,0.18361643252365423,0.1473475860168419,-0.036268846506812336
Puyang,East,5448.894786,3577.0396643370805,0.4014632319191879,0.2635488407736511,-0.13791439114553683
Qiandongnan,East,1450.2345495,1183.37833514,0.11570190462058763,0.09441171244309682,-0.021290192177490813
Qianjiang,East,1284.38048094,948.91848905249,0.3422469513963372,0.25285689468291184,-0.08939005671342537
Qiannan,East,1127.273182082,784.1131501259999,0.09000562006626817,0.06260646611751979,-0.02739915394874838
Qianxinan,East,982.4997719400001,811.51425252,0.14335326152285796,0.11840533524126912,-0.024947926281588845
Qingdao,East,14914.700289999999,16486.709041579845,0.33588806398976373,0.3712906510935184,0.03540258710375466
Qingyang,West,440.56771438,323.39781312,0.051551471426788655,0.037841250228703646,-0.013710221198085008
Qingyuan,East,2294.5843608,1868.1912562054222,0.19591820937041743,0.1595115402728657,-0.03640666909755172
Qinhuangdao,East,4604.866077600001,3562.045051748222,0.3374643308964304,0.2610419347173838,-0.07642239617904661
Qinzhou,East,2120.9397214,1972.98895702903,0.46825701267720055,0.43559272606469424,-0.03266428661250631
Qionghai,East,323.5028074,236.58263078,0.05237991915157667,0.0383062489395995,-0.014073670211977168
Qiqihar,East,5035.5448698,2476.9554238247474,0.13048804407944725,0.06418631486441444,-0.06630172921503281
Qitaihe,East,1087.3259428400002,765.17665556,0.20492321046102221,0.14420924825690143,-0.060713962204120786
Quanzhou,East,4547.2804138,3525.353383337662,0.24292665682914652,0.18833285692180873,-0.05459379990733779
Qujing,East,2267.3458148,1641.8950617599999,0.156478714817935,0.11331382599560869,-0.0431648888223263
Quzhou,East,1908.8518045600001,1534.31132246,0.20185418000455482,0.16224787756022604,-0.03960630244432878
Rikaze,West,257.36891662,257.36891662,0.4860362561206346,0.4860362561206346,0.0
Rizhao,East,3898.3908924,3331.3736874,0.7050392009107047,0.602491927394552,-0.10254727351615267
Sanmenxia,East,3522.1490151999997,3129.7241284,0.28135621140858147,0.2500085373221062,-0.03134767408647526
Sanming,East,1327.9175870200002,1040.351451,0.09984757676963926,0.0782251642620677,-0.021622412507571562
Sanya,East,410.86326893999995,331.59933824,0.049437544841364506,0.039900030966264835,-0.00953751387509967
Shanghai,East,35122.922988,44481.64701562384,0.25922120582598623,0.3282923286440426,0.06907112281805639
Shangluo,East,1909.1181550000001,1531.99593622,0.20321740733132507,0.16307437095256916,-0.04014303637875591
Shangqiu,East,9486.6856426,7253.633853199999,0.5215511863794764,0.3987843051013075,-0.12276688127816887
Shangrao,East,3886.149989,1600.8445437449832,0.17994985854684464,0.074127800012301,-0.10582205853454364
Shannan,West,140.45187886,86.16554404799999,0.2891767161937673,0.17740644894958613,-0.11177026724418115
Shantou,East,2918.3800542,3151.678660965762,0.21164419294956288,0.2285632694331542,0.01691907648359131
Shanwei,East,1117.59498274,677.3689271000001,0.17195264130053992,0.10421966629108874,-0.06773297500945118
Shaoguan,East,1964.44843898,1659.8947271722598,0.10714542393024827,0.09053438140366803,-0.016611042526580244
Shaotong,East,1866.42305304,1267.39398894,0.9582236128365854,0.6506814438406054,-0.30754216899597997
Shaoxing,East,6118.068778999999,4877.443292,0.3037273154812877,0.24213731669317906,-0.06158999878810861
Shaoyang,East,5353.9562346,3314.6283677447764,1.0,0.6190988910824401,-0.3809011089175599
Shenyang,East,13892.470796,19360.498663901602,0.1479711590084699,0.20621208914862726,0.058240930140157354
Shenzhen,East,12113.9672544,7607.353319185924,0.4232348270186629,0.2657838508640558,-0.15745097615460707
Shihezi,West,739.16720828,842.8778754519365,0.0845506515564247,0.09641373799277142,0.011863086436346718
Shijiazhuang,East,18878.660984,19898.93882808238,0.42258411447002053,0.4454222389334211,0.022838124463400555
Shiyan,East,3844.489658,4234.3662901690395,0.22156276627806584,0.2440318461339046,0.022469079855838764
Shizuishan,West,986.4332772,805.39653924,0.20950417552424314,0.17105458810403049,-0.03844958742021265
Shuangyashan,East,1803.4600277999998,959.2487132676393,0.13860127784526208,0.07372112238745025,-0.06488015545781183
Shuozhou,East,1868.3134882,1051.41517972,0.24036759354992399,0.1352696633446899,-0.10509793020523409
Siping,East,4450.4353128,3606.8408568,0.31820248362464976,0.2578861702296125,-0.060316313395037235
Songyuan,East,3456.9436794000003,2586.5035242000004,0.38578596496878215,0.2886470971236191,-0.09713886784516307
Suihua,East,4767.89397,2579.9339973752876,0.196638447525381,0.10640215976988829,-0.09023628775549272
Suining,East,3456.0336318,2873.765259618744,0.41521130663365274,0.34525700717305646,-0.06995429946059628
Suizhou,East,2785.4946351999997,2256.6800455999996,0.5397071950478219,0.43724602522658157,-0.10246116982124037
Suqian,East,5058.69282,3207.4658578,0.6839226687071878,0.4336413945873403,-0.25028127411984746
Suzhou,East,28516.1882004,23230.757540706993,0.6389430723712133,0.5205159782316856,-0.11842709413952768
Tacheng,West,1504.2094229999998,993.41922044,0.13413284127718966,0.08858483438511741,-0.04554800689207225
Taian,East,9249.3425426,8280.665212504622,0.433331216565205,0.38794873408322633,-0.04538248248197868
Taiyuan,East,9292.11859,11294.88490895452,0.19358516123769864,0.23530932102118277,0.04172415978348412
Taizhou,East,11987.6610526,8569.905029115554,0.3400226287114582,0.24308008234645645,-0.09694254636500177
Tangshan,East,14347.835668,13554.54501330776,0.4012939441549218,0.37910643496894136,-0.022187509185980447
Tianjin,East,31141.093329999996,30539.095325102164,0.34713873094045733,0.3404280859019416,-0.006710645038515706
Tianmen,East,1403.52430314,1125.1341772399999,0.39784422959007487,0.3189315204076378,-0.07891270918243709
Tianshui,West,2356.3411380000002,839.9182021502222,0.2354948057517234,0.08394216383735832,-0.15155264191436507
Tieling,East,3456.6912076,1831.0004623838017,0.2343065236328241,0.12411156430982152,-0.11019495932300256
Tonghua,East,2306.3371218,1859.2360196000002,0.12257665751093123,0.09881423433389071,-0.023762423177040526
Tongliao,East,3082.8739422,2502.7251556,0.24775852341096247,0.20113423405578235,-0.04662428935518012
Tongling,East,918.0220040600001,722.30711836,0.0958063929627356,0.0753812428409466,-0.020425150121789
Tongren,East,1435.99025892,1054.10317528,0.17350316890027837,0.1273617561977588,-0.04614141270251956
Tulufan,West,818.7457242999999,687.78425176,0.3640403772972986,0.30581074328530766,-0.05822963401199094
Tunchang,East,175.45669858,40.26053695,0.08458078914415501,0.0194080249666032,-0.06517276417755181
Ulanqab,West,2716.144787,1572.7603128,0.3120133073271106,0.18066862605345677,-0.1313446812736538
Urumqi,West,10299.482938199999,12097.764381188714,0.40057523247749394,0.47051534611304896,0.06994011363555502
Wanning,East,357.49066504,256.71718254,0.10403172398331359,0.07470609357809935,-0.029325630405214242
Weifang,East,15466.4377254,11960.175872007963,0.45940481255787763,0.35525713497785844,-0.1041476775800192
Weihai,East,3818.0130636000004,3504.0197418,0.2807472995774067,0.2576586469949636,-0.02308865258244308
Weinan,East,6958.5876260000005,4583.925569421074,0.42522410825655177,0.2801136907852574,-0.14511041747129438
Wenchang,East,387.6974498,275.07557298,0.22889823988094066,0.162405799991319,-0.06649243988962167
Wenshan,East,1566.1567374,1213.6357074,0.15418870388361283,0.11948287948595303,-0.034705824397659804
Wenzhou,East,8439.2133844,6408.347865212948,0.30161538381780134,0.22903275613069607,-0.07258262768710527
Wuhai,West,1420.0618286000001,1045.18086472,0.2190545891412859,0.16122654682246523,-0.05782804231882066
Wuhan,East,12965.120425,19031.07990344462,0.2144883059245393,0.31484042990710454,0.10035212398256524
Wuhu,East,3153.0786952,2802.389390967282,0.2100359267373656,0.18667547172445045,-0.023360455012915143
Wuwei,West,2327.6484314,2049.6011932,0.3367575784834119,0.2965304920484066,-0.04022708643500533
Wuxi,East,11420.333680200001,9664.07897741608,0.4373434830992499,0.37008743170588054,-0.06725605139336938
Wuzhishan,East,42.879701738,42.879701738,0.01924094510232225,0.01924094510232225,0.0
Wuzhong,West,1383.9774401999998,971.84260286,0.26241699597799556,0.18427180169143728,-0.07814519428655828
Wuzhou,East,1992.1892066,1881.3754691242702,0.1630543906271485,0.15398463642038865,-0.009069754206759845
Xi'an,East,16038.439194,18959.328849004,0.21271019669692853,0.2514485680266247,0.03873837132969615
Xiamen,East,3857.4096753999997,4005.563463345926,0.4244680362529591,0.4407708282104463,0.016302791957487184
Xiangtan,East,3536.9205783999996,3089.657624446592,0.2953488421459317,0.2580003655101725,-0.03734847663575919
Xiangxi,East,1469.09638322,1206.8198949,0.15023219096952758,0.12341136972855205,-0.02682082124097554
Xianning,East,2551.025041,1757.5747875302018,0.2603147223388254,0.17934853066996786,-0.08096619166885755
Xiantao,East,1345.29060866,1024.6679467400002,0.3628690441625372,0.2763865859346862,-0.086482458227851
Xianyang,East,6774.955667200001,6316.597482975674,0.28866203273424385,0.2691326643253649,-0.019529368408878922
Xiaogan,East,5481.7017322,3769.6236403040502,0.33812087068533586,0.2325169244303436,-0.10560394625499225
Xingtai,East,10360.3369812,7627.945111967727,0.465255342626034,0.3425508478190509,-0.12270449480698314
Xining,West,2497.8239218,2208.7660791397116,0.13588203161236234,0.12015723749402357,-0.01572479411833877
Xinxiang,East,9614.4269048,8609.01072194355,0.4664738473299299,0.41769295174158527,-0.04878089558834464
Xinyang,East,6258.5114102,4518.800387400001,0.34141896478182043,0.24651295638885715,-0.09490600839296329
Xinyu,East,1125.00109444,920.0389896,0.18067272812795593,0.14775626002200787,-0.03291646810594806
Xinzhou,East,4095.0835144000002,2344.1931996,0.22756692346910634,0.13026860931512255,-0.0972983141539838
Xishuangbanna,East,1104.86387516,725.368858645514,0.28535100215726666,0.18733957675844526,-0.0980114253988214
Xuancheng,East,2599.8186732,1746.9643191399998,0.23743369884864263,0.15954504993975854,-0.07788864890888408
Xuchang,East,7222.7485799999995,5238.791066034401,0.5619725972447768,0.4076089578909427,-0.15436363935383407
Xuzhou,East,10314.4937216,10597.874315965797,0.36738088200072005,0.37747431125764774,0.010093429256927688
Yaan,East,1422.33606456,1087.55026254,0.14615480998600883,0.11175326698964014,-0.03440154299636869
Yanan,East,2290.5525396000003,1158.3798846,0.18516304158105887,0.09364078711606773,-0.09152225446499114
Yanbian,East,2653.6204522,1610.473025181793,0.10796778428995618,0.06552527285635946,-0.042442511433596716
Yancheng,East,7246.6126269999995,5931.6049666,0.3207830143208834,0.2625720759320327,-0.05821093838885072
Yangjiang,East,1619.9742676,1046.8962893725623,0.20891597704278536,0.1350103921593522,-0.07390558488343316
Yangquan,East,2222.678997,1793.019119,0.19715391578828523,0.1590426421769582,-0.03811127361132702
Yangzhou,East,6133.0750992,5905.417086771154,0.36903586687154416,0.3553373599059453,-0.013698506965598878
Yantai,East,9730.739238999999,9532.292337446092,0.30324347272803703,0.2970591812676166,-0.006184291460420432
Yibin,East,3744.4937662,3212.283048532744,0.2079119952994201,0.17836114032704586,-0.029550854972374224
Yichang,East,5536.5218174,4627.826517167579,0.277891621735695,0.2322819738423942,-0.04560964789330077
Yichun,East,5872.004953600001,4227.0524082,0.1788157434235446,0.12872324271442648,-0.05009250070911811
Yili,West,2886.8372894,2236.5691441855306,0.19864598851975543,0.1539004259681911,-0.04474556255156434
Yinchuan,West,3718.2871996000003,3844.438875198334,0.3866624137857058,0.39978084944479375,0.013118435659087935
Yingkou,East,3454.334838,2317.126562458782,0.20360813673705538,0.13657790691747954,-0.06703022981957585
Yingtan,East,870.2026552399999,588.96872726,0.1761411017574566,0.1192154492928451,-0.056925652464611495
Yiyang,East,5177.3631404,3553.2005509125884,0.3261077919626997,0.2238062802697726,-0.10230151169292709
Yongzhou,East,4319.378274,3301.1880214,0.303306432715812,0.231809186178956,-0.07149724653685599
Yueyang,East,6207.4470924,4719.9247067999995,0.38922115442892774,0.29595009282439716,-0.09327106160453058
Yulin,East,7607.3575512,5414.444380981156,0.29783812876703475,0.21198267228680928,-0.08585545648022547
Yuncheng,East,5949.8654238,5310.2516804,0.24454067411547042,0.2182524197023714,-0.026288254413099038
Yunfu,East,1198.11690706,823.15337626,0.16048578814323633,0.11026004021261714,-0.050225747930619194
Yushu,West,166.31532724,40.456533703999995,0.09607263999745144,0.023369860508889756,-0.07270277948856169
Yuxi,East,1681.4081935999998,1540.390000755018,0.17576866301001748,0.1610271033395001,-0.014741559670517379
Zaozhuang,East,6062.190567600001,5245.051967978986,0.39050546209573556,0.3378682045098863,-0.05263725758584925
Zhangjiajie,East,1268.76398454,995.6779677799999,0.27063870412362645,0.21238701461259019,-0.058251689511036264
Zhangjiakou,East,5348.1716672,4882.332883911426,0.23108128317539992,0.2109535403702501,-0.020127742805149812
Zhangye,West,1343.5089757599999,1052.40887296,0.19739944129251868,0.15462860857782923,-0.042770832714689455
Zhangzhou,East,2917.3012516,2594.0335174,0.19406388988682702,0.17255956497717093,-0.021504324909656092
Zhanjiang,East,3748.6350727999998,3531.4316767881983,0.18118379753585745,0.17068564677889192,-0.01049815075696553
Zhaoqing,East,2263.6993426,1395.801466004548,0.15286777480531874,0.09425857054543503,-0.05860920425988371
Zhengzhou,East,18749.443696,23782.79943318012,0.3137996898016657,0.39804034752984774,0.08424065772818201
Zhenjiang,East,4710.2079154,4627.403310446357,0.41416820158869694,0.4068871993627049,-0.007281002225992039
Zhongshan,East,2410.554835,2768.723921616941,0.28203287632770346,0.323938356445206,0.04190548011750256
Zhongwei,West,1076.5554907599999,412.94755074000005,0.4387243301850376,0.1682868548392804,-0.2704374753457572
Zhoukou,East,10153.5983246,5807.816461633443,0.4975573287326271,0.28460074468560925,-0.21295658404701784
Zhoushan,East,935.22584098,666.96026862,0.13917952377271486,0.09925646672100316,-0.0399230570517117
Zhuhai,East,677.4783727800001,2192.9846320290562,0.08866419422468198,0.2870043135813989,0.19834011935671692
Zhumadian,East,8579.19383,6819.777966,0.4503105445749144,0.35796113138400343,-0.09234941319091095
Zhuzhou,East,4774.6223494,3933.2802595116955,0.25643153696625426,0.21124541973300964,-0.045186117233244616
Zibo,East,8856.2130404,8098.789558943927,0.3623674208587682,0.33137611653703863,-0.030991304321729585
Zigong,East,3016.2473696,2720.9020022,0.2280769447844881,0.2057440719134618,-0.022332872871026282
Ziyang,East,3648.3580318,3137.9998186000003,0.56867030620353,0.4891206680254093,-0.07954963817812066
Zunyi,East,2697.65260076,2338.048819532124,0.1391439943774767,0.12059575488244526,-0.018548239495031454
